{
    "super_admin": [
        {
            "username": "admin",
            "password": "admin"
        }
    ],
    "admin_details": [
        {
            "admin_id": "b43f19f6-6420-457d-882e-804ee5d3fadd",
            "admin_name": "Gokul",
            "admin_mail": "gokulnathramesh25@gmail.com",
            "admin_password": "gokul123",
            "admin_contact": "8838005324"
        },
        {
            "admin_id": "ea84aa68-a9b8-4e9f-ad42-a3fa7f62ffce",
            "admin_name": "Harini N",
            "admin_mail": "harini362004@gmail.com",
            "admin_password": "harini123",
            "admin_contact": "8778246977"
        }
    ],
    "contacts": [
        {
            "name": "GOKULNATH",
            "email": "gokulnathramesh25@gmail.com",
            "contact": "8838005324",
            "query": "test query",
            "resolved": "yes"
        }
    ],
    "application_form": [
        {
            "candidate_name": "Gokulnath Ramesh",
            "father_name": "Ramesh",
            "mother_name": "Radha R",
            "dob": "2002-11-25",
            "gender": "male",
            "email": "gokulnathramesh25@gmail.com",
            "contact": "8838005324",
            "religion": "Hindu",
            "nationality": "India",
            "present_address": "D.no.1/3 ,12th cross, bharathi dasan nagar, Hosur - 635109",
            "permanent_address": "D. NO 1/3, 12TH CROSS BHARATHI DASAN NAGAR",
            "city": "Hosur Tamil Nadu",
            "state": "Tamilnadu",
            "sslc": "373",
            "board": "Central Board of Secondary Education",
            "year_passing": "2018",
            "percentage": "74.6",
            "aadhaar": "7661 6443 2534",
            "gate_reg": "CS24S61310286",
            "gate_year": "2024",
            "gate_score": "13.76",
            "pwd": "no",
            "disability_type": "",
            "disability_cert_no": "",
            "user_id": "0a31f4bd-2a9e-4330-9ed4-7aeb2e5b5913",
            "file_paths": [
                "C:\\Users\\gokul\\Desktop\\drdo\\media\\uploads\\0a31f4bd-2a9e-4330-9ed4-7aeb2e5b5913\\marksheet10.jpg",
                "C:\\Users\\gokul\\Desktop\\drdo\\media\\uploads\\0a31f4bd-2a9e-4330-9ed4-7aeb2e5b5913\\aadhaar.jpg",
                "C:\\Users\\gokul\\Desktop\\drdo\\media\\uploads\\0a31f4bd-2a9e-4330-9ed4-7aeb2e5b5913\\gate.png"
            ]
        },
        {
            "candidate_name": "Gokulnath Ramesh",
            "father_name": "Ramesh S",
            "mother_name": "Radha R",
            "dob": "2002-11-25",
            "gender": "male",
            "email": "gokulnathramesh25@gmail.com",
            "contact": "8838005324",
            "religion": "Hindu",
            "nationality": "India",
            "present_address": "D.no.1/3 ,12th cross, bharathi dasan nagar, Hosur - 635109",
            "permanent_address": "D. NO 1/3, 12TH CROSS BHARATHI DASAN NAGAR",
            "city": "Hosur, Tamil Nadu, India",
            "state": "Tamil Nadu",
            "sslc": "373",
            "board": "Central Board of Secondary Education",
            "year_passing": "2018",
            "percentage": "74.6",
            "aadhaar": "7661 6443 2534",
            "gate_reg": "CS24S61310286",
            "gate_year": "2024",
            "gate_score": "13.76",
            "pwd": "no",
            "disability_type": "",
            "disability_cert_no": "",
            "user_id": "c17c684a-3ea0-48be-a878-db237f9c7b40",
            "file_paths": [
                "C:\\Users\\gokul\\Desktop\\drdo\\media\\uploads\\c17c684a-3ea0-48be-a878-db237f9c7b40\\marksheet10.jpg",
                "C:\\Users\\gokul\\Desktop\\drdo\\media\\uploads\\c17c684a-3ea0-48be-a878-db237f9c7b40\\aadhaar.jpg",
                "C:\\Users\\gokul\\Desktop\\drdo\\media\\uploads\\c17c684a-3ea0-48be-a878-db237f9c7b40\\gate.png"
            ],
            "block_reason": "malpractice during exam"
        }
    ],
    "register": [
        {
            "user_id": "ed2a4ef1-2912-4c68-8f8f-da90ea9dd213",
            "user_mail": "gokulnathramesh25@gmail.com",
            "user_name": "gokul",
            "user_password": "gokul"
        }
    ],
    "blocked": [],
    "reports": [
        {
            "admin_name": "Gokul",
            "report": "This is a test report 1 submitting by me. fine me who i am ;-)",
            "timestamp": "2024-12-08 17:26:37"
        },
        {
            "admin_name": "Gokul",
            "report": "this is a test message 2 for the report section",
            "timestamp": "2024-12-09 03:32:04"
        }
    ]
}